{
  "F1_emi_to_income_Z": {
    "edges": [
      -999999999.0,
      -0.967,
      -0.679,
      -0.443,
      -0.216,
      0.0,
      0.276,
      0.578,
      0.972,
      1.589,
      999999999.0
    ],
    "woes": [
      -0.18095122682909204,
      -0.05913104905677585,
      0.036754580895333136,
      -0.0881035592953178,
      -0.11537278713223821,
      0.020762656710136992,
      0.16156992136371093,
      0.04750767616991367,
      0.06964895502218958,
      0.06752928325953791
    ]
  },
  "F2_savings_drawdown_Z": {
    "edges": [
      -999999999.0,
      0.142,
      0.584,
      1.175,
      2.169,
      999999999.0
    ],
    "woes": [
      -0.015589999416960727,
      0.024937807451878964,
      -0.022196173049336253,
      0.03261581800715768,
      0.05535951720258716
    ]
  },
  "F3_income_irregularity_Z": {
    "edges": [
      -999999999.0,
      -0.891,
      -0.669,
      -0.462,
      -0.229,
      0.0,
      0.216,
      0.478,
      0.842,
      1.508,
      999999999.0
    ],
    "woes": [
      0.0012149544248976063,
      0.022677999184205915,
      0.018047597555102903,
      0.19835227143321874,
      0.012789568512128691,
      0.0524675865598891,
      0.13730268412692348,
      0.007705040621642555,
      -0.1045350038039233,
      -0.4529859099356627
    ]
  },
  "F4_spend_shift_Z": {
    "edges": [
      -999999999.0,
      -0.913,
      -0.658,
      -0.441,
      -0.221,
      0.0,
      0.247,
      0.558,
      0.934,
      1.549,
      999999999.0
    ],
    "woes": [
      0.012458147319249277,
      0.0506436930560003,
      -0.04173209896040855,
      -0.053409681558066135,
      -0.05310299106699021,
      0.07682869290862022,
      0.047467070308506935,
      -0.03453067648397698,
      -0.04366363727956938,
      0.03037354549560767
    ]
  },
  "F5_autodebit_failures_Z": {
    "edges": [
      -999999999.0,
      999999999.0
    ],
    "woes": [
      0.0
    ]
  },
  "F6_lending_app_count_Z": {
    "edges": [
      -999999999.0,
      999999999.0
    ],
    "woes": [
      0.0
    ]
  },
  "F7_cash_hoarding_Z": {
    "edges": [
      -999999999.0,
      -1.178,
      -0.813,
      -0.525,
      -0.259,
      0.0,
      0.267,
      0.56,
      0.904,
      1.4,
      999999999.0
    ],
    "woes": [
      -0.038647863614246915,
      -0.03023652574073057,
      0.03643646414380357,
      0.0006526310946216579,
      0.04499673016704038,
      0.03643646414380357,
      0.04782599544683363,
      -0.006276870435694048,
      -0.034277230385512454,
      -0.06295514549517926
    ]
  },
  "F8_stress_velocity_Z": {
    "edges": [
      -999999999.0,
      -1.08,
      -0.648,
      -0.387,
      -0.185,
      0.0,
      0.192,
      0.416,
      0.709,
      1.191,
      999999999.0
    ],
    "woes": [
      -0.006593777426145476,
      0.08868999799505031,
      -0.01819632164654207,
      0.0210802682738678,
      0.009432446937139098,
      0.06284620769943718,
      -0.0881035592953178,
      0.09959925492457591,
      -0.034277230385512454,
      -0.15793026747368477
    ]
  },
  "F9_payment_timing_entropy_Z": {
    "edges": [
      -999999999.0,
      -1.157,
      -0.691,
      -0.394,
      -0.189,
      0.0,
      0.2,
      0.438,
      0.716,
      1.205,
      999999999.0
    ],
    "woes": [
      -0.11136476573469947,
      0.03134476604067391,
      0.012093871773690541,
      0.05577542501121403,
      0.039303164625879565,
      -0.02506350356828692,
      0.013327678222618758,
      0.11157043327547987,
      -0.004835643580835273,
      -0.1400780642037399
    ]
  },
  "F10_cohort_stress_Z": {
    "edges": [
      -999999999.0,
      0.57,
      1.104,
      1.661,
      2.292,
      999999999.0
    ],
    "woes": [
      -0.014978939208518274,
      0.025255620898062686,
      -0.010236768704646676,
      -0.04648270171900633,
      0.11399419717716658
    ]
  },
  "F11_overdraft_freq_Z": {
    "edges": [
      -999999999.0,
      999999999.0
    ],
    "woes": [
      0.0
    ]
  },
  "F12_cross_loan_consistency_Z": {
    "edges": [
      -999999999.0,
      -0.447,
      -0.304,
      -0.186,
      -0.0785,
      0.0,
      0.0926,
      0.234,
      0.427,
      0.84,
      999999999.0
    ],
    "woes": [
      -0.04679860758168722,
      -0.09360640188263789,
      0.06412212493792377,
      -0.14545609324850917,
      -0.0995516698492348,
      0.03493920757870539,
      0.02398497269660693,
      0.04878156169250241,
      0.12822100244447907,
      0.08868999799505031
    ]
  },
  "F13_secondary_income_Z": {
    "edges": [
      -999999999.0,
      999999999.0
    ],
    "woes": [
      0.0
    ]
  },
  "F14_ext_source_2_Z": {
    "edges": [
      -999999999.0,
      -1.842,
      -1.185,
      -0.646,
      -0.279,
      0.0,
      0.22,
      0.417,
      0.608,
      0.812,
      999999999.0
    ],
    "woes": [
      0.9686735054954535,
      0.44522604339893895,
      0.21585194233409288,
      -0.0059598629833642,
      -0.002330094932785477,
      -0.16758641880345587,
      -0.45975761756052475,
      -0.5318226880844463,
      -0.6656048368644296,
      -1.2029928210055019
    ]
  },
  "F15_ext_source_3_Z": {
    "edges": [
      -999999999.0,
      -1.619,
      -0.966,
      -0.466,
      -0.0207,
      0.0,
      0.396,
      0.77,
      1.142,
      999999999.0
    ],
    "woes": [
      0.9836289146951689,
      0.3444342190122368,
      -0.10727606684790109,
      -0.17980987867594803,
      0.1661854738803787,
      -0.3863935887062934,
      -0.5733915065933824,
      -0.6919521756627434,
      -1.0296099610733866
    ]
  },
  "F16_days_birth_Z": {
    "edges": [
      -999999999.0,
      -1.484,
      -1.088,
      -0.716,
      -0.342,
      0.0,
      0.309,
      0.606,
      0.93,
      1.256,
      999999999.0
    ],
    "woes": [
      -0.44963043252350793,
      -0.3793024537046098,
      -0.18984771485454155,
      -0.16727338076677845,
      -0.14482913398032313,
      0.036754580895333136,
      0.05535951720258716,
      0.2358235611204063,
      0.35162614278694265,
      0.348335142354017
    ]
  },
  "F17_days_employed_Z": {
    "edges": [
      -999999999.0,
      -1.563,
      -0.771,
      -0.352,
      -0.0201,
      0.0,
      0.025,
      0.257,
      0.444,
      0.62,
      999999999.0
    ],
    "woes": [
      -0.5777508556808728,
      -0.23191175483633142,
      -0.18585927951076942,
      -0.0550059138835038,
      -0.3708043608539407,
      0.09936201556442206,
      0.2464761540446218,
      0.3343992118832324,
      0.37930844699789584,
      0.33308945400116885
    ]
  },
  "F18_phone_change_Z": {
    "edges": [
      -999999999.0,
      -1.694,
      -1.166,
      -0.807,
      -0.374,
      0.0,
      0.257,
      0.482,
      0.731,
      999999999.0
    ],
    "woes": [
      -0.5709472646187784,
      -0.3376545251155867,
      -0.15563341884480208,
      -0.2325353906532382,
      -0.05691970713527234,
      0.2286815114714953,
      0.15715219817035456,
      0.2671543652096769,
      0.20144915461012053
    ]
  },
  "mean_balance_Z": {
    "edges": [
      -999999999.0,
      -2.737,
      -2.139,
      -1.334,
      -0.372,
      0.595,
      1.452,
      2.105,
      2.587,
      2.957,
      999999999.0
    ],
    "woes": [
      0.05128023031492136,
      0.06657219274143127,
      -0.05057933042159325,
      0.04782599544683363,
      -0.014209886499983799,
      0.07768165472355588,
      -0.034277230385512454,
      -0.05881544230017147,
      -0.006276870435694048,
      -0.0923477484754416
    ]
  },
  "std_balance_Z": {
    "edges": [
      -999999999.0,
      -0.112,
      -0.0728,
      -0.0455,
      -0.0224,
      -0.00037,
      0.0226,
      0.0473,
      0.0776,
      0.124,
      999999999.0
    ],